Title,Release Date,Budget,Domestic Gross,Worldwide Gross,Genre,Director,Awards,imdbRating
The Lone Ranger,7/2/2013,"$275,000,000","$89,289,910","$259,989,910","Action, Adventure, Western",Gore Verbinski,Nominated for 2 Oscars. Another 4 wins & 17 nominations.,6.5
The Hobbit: The Desolation of Smaug,12/13/2013,"$250,000,000","$258,366,855","$960,366,855","Adventure, Fantasy",Peter Jackson,Nominated for 3 Oscars. Another 14 wins & 78 nominations.,7.9
Man of Steel,6/14/2013,"$225,000,000","$291,045,518","$667,999,518","Action, Adventure, Fantasy",Zack Snyder,7 wins & 42 nominations.,7.2
Iron Man 3,5/3/2013,"$200,000,000","$408,992,272","$1,215,392,272","Action, Adventure, Sci-Fi",Shane Black,Nominated for 1 Oscar. Another 17 wins & 52 nominations.,7.3
Monsters University,6/21/2013,"$200,000,000","$268,488,329","$743,588,329","Animation, Adventure, Comedy",Dan Scanlon,Nominated for 1 BAFTA Film Award. Another 9 wins & 53 nominations.,7.4
Oz the Great and Powerful,3/8/2013,"$200,000,000","$234,770,996","$490,359,051","Adventure, Family, Fantasy",Sam Raimi,5 wins & 31 nominations.,6.4
Jack the Giant Slayer,3/1/2013,"$195,000,000","$65,187,603","$197,687,603","Adventure, Fantasy",Bryan Singer,1 win & 4 nominations.,6.3
Star Trek Into Darkness,5/15/2013,"$190,000,000","$228,778,661","$467,381,584","Action, Adventure, Sci-Fi",J.J. Abrams,Nominated for 1 Oscar. Another 6 wins & 44 nominations.,7.8
World War Z,6/21/2013,"$190,000,000","$202,359,711","$531,514,650","Action, Adventure, Horror",Marc Forster,3 wins & 22 nominations.,7.0
The Great Gatsby,5/10/2013,"$190,000,000","$144,840,419","$351,040,419","Drama, Romance",Baz Luhrmann,Won 2 Oscars. Another 39 wins & 71 nominations.,7.3
Pacific Rim,7/12/2013,"$190,000,000","$101,802,906","$411,002,906","Action, Adventure, Sci-Fi",Guillermo del Toro,Nominated for 1 BAFTA Film Award. Another 4 wins & 41 nominations.,7.0
47 Ronin,12/25/2013,"$175,000,000","$38,362,475","$151,659,062","Action, Adventure, Drama",Carl Rinsch,5 nominations.,6.3
Fast and Furious 6,5/24/2013,"$160,000,000","$238,679,850","$789,952,811",Action,Scott Blackwood,N/A,N/A
Frozen,11/22/2013,"$150,000,000","$400,738,009","$1,274,234,980","Animation, Adventure, Comedy","Chris Buck, Jennifer Lee",Won 2 Oscars. Another 70 wins & 56 nominations.,7.6
Thor: The Dark World,11/8/2013,"$150,000,000","$206,360,018","$644,600,394","Action, Adventure, Fantasy",Alan Taylor,2 wins & 18 nominations.,7.1
White House Down,6/28/2013,"$150,000,000","$73,103,784","$205,440,387","Action, Drama, Thriller",Roland Emmerich,3 wins & 9 nominations.,6.4
G.I. Joe: Retaliation,3/27/2013,"$140,000,000","$122,523,060","$375,740,705","Action, Adventure, Sci-Fi",Jon M. Chu,1 win & 11 nominations.,5.8
Turbo,7/17/2013,"$135,000,000","$83,028,130","$286,896,578","Animation, Adventure, Comedy",David Soren,1 win & 11 nominations.,6.5
The Hunger Games: Catching Fire,11/22/2013,"$130,000,000","$424,668,047","$864,868,047","Adventure, Sci-Fi, Thriller",Francis Lawrence,Nominated for 1 Golden Globe. Another 21 wins & 57 nominations.,7.6
After Earth,5/31/2013,"$130,000,000","$60,522,097","$251,499,665","Action, Adventure, Sci-Fi",M. Night Shyamalan,3 wins & 7 nominations.,4.9
R.I.P.D.,7/19/2013,"$130,000,000","$33,618,855","$79,072,464","Action, Comedy, Fantasy",Robert Schwentke,N/A,5.6
Elysium,8/9/2013,"$120,000,000","$93,050,117","$286,192,091","Action, Drama, Sci-Fi",Neill Blomkamp,1 win & 9 nominations.,6.6
Oblivion,4/19/2013,"$120,000,000","$89,107,235","$287,916,633","Action, Adventure, Mystery",Joseph Kosinski,11 nominations.,7.0
The Wolverine,7/26/2013,"$115,000,000","$132,556,852","$416,456,852","Action, Adventure, Sci-Fi",James Mangold,2 wins & 10 nominations.,6.7
Gravity,10/4/2013,"$110,000,000","$274,092,705","$716,392,705","Sci-Fi, Thriller",Alfonso Cuarón,Won 7 Oscars. Another 208 wins & 166 nominations.,7.8
The Smurfs 2,7/31/2013,"$110,000,000","$71,017,784","$348,547,523","Animation, Adventure, Comedy",Raja Gosnell,8 nominations.,5.4
Ender's Game,11/1/2013,"$110,000,000","$61,737,191","$89,737,191","Action, Sci-Fi",Gavin Hood,1 win & 6 nominations.,6.7
The Hangover Part III,5/23/2013,"$103,000,000","$112,200,072","$362,000,072","Comedy, Crime",Todd Phillips,2 wins & 6 nominations.,5.9
The Wolf of Wall Street,12/25/2013,"$100,000,000","$116,900,694","$391,976,723","Biography, Comedy, Crime",Martin Scorsese,Nominated for 5 Oscars. Another 35 wins & 151 nominations.,8.2
Epic,5/24/2013,"$100,000,000","$107,518,682","$262,794,441","Animation, Adventure, Family",Chris Wedge,2 wins & 21 nominations.,6.7
A Good Day to Die Hard,2/14/2013,"$92,000,000","$67,349,198","$304,249,198","Action, Crime, Thriller",John Moore,3 wins & 7 nominations.,5.3
The Secret Life of Walter Mitty,12/25/2013,"$91,000,000","$58,236,838","$188,536,838","Adventure, Comedy, Drama",Ben Stiller,5 wins & 16 nominations.,7.3
Percy Jackson: Sea of Monsters,8/7/2013,"$90,000,000","$68,559,554","$200,859,554","Adventure, Family, Fantasy",Thor Freudenthal,1 win & 4 nominations.,5.9
RED 2,7/19/2013,"$84,000,000","$53,262,560","$137,162,560","Action, Comedy, Crime",Dean Parisot,3 nominations.,6.7
Grown Ups 2,7/12/2013,"$80,000,000","$133,668,525","$247,023,808",Comedy,Dennis Dugan,4 wins & 15 nominations.,5.4
Walking with Dinosaurs,12/20/2013,"$80,000,000","$36,076,121","$130,580,730","Documentary, Animation, History",N/A,Won 3 Primetime Emmys. Another 11 wins & 8 nominations.,8.6
Cloudy with a Chance of Meatballs 2,9/27/2013,"$78,000,000","$119,793,567","$274,392,649","Animation, Comedy, Family","Cody Cameron, Kris Pearn",16 nominations.,6.5
Despicable Me 2,7/3/2013,"$76,000,000","$368,065,385","$974,873,764","Animation, Comedy, Family","Pierre Coffin, Chris Renaud",Nominated for 2 Oscars. Another 12 wins & 62 nominations.,7.5
Now You See Me,5/31/2013,"$75,000,000","$117,723,989","$351,723,989","Crime, Mystery, Thriller",Louis Leterrier,1 win & 3 nominations.,7.3
Olympus Has Fallen,3/22/2013,"$70,000,000","$98,927,592","$150,562,164","Action, Thriller",Antoine Fuqua,1 win & 5 nominations.,6.5
Escape Plan,10/18/2013,"$70,000,000","$25,135,965","$103,735,965","Action, Mystery, Thriller",Mikael Håfström,2 nominations.,6.7
2 Guns,8/2/2013,"$61,000,000","$75,612,460","$132,493,015","Action, Comedy, Crime",Baltasar Kormákur,2 wins.,6.7
Gangster Squad,1/11/2013,"$60,000,000","$46,000,903","$104,100,903","Action, Crime, Drama",Ruben Fleischer,4 nominations.,6.7
The Mortal Instruments: City of Bones,8/21/2013,"$60,000,000","$31,165,421","$75,965,567","Fantasy, Horror, Mystery",Harald Zwart,6 wins & 10 nominations.,6.0
The Internship,6/7/2013,"$58,000,000","$44,672,764","$93,672,764",Comedy,Shawn Levy,1 nomination.,6.3
Captain Phillips,10/11/2013,"$55,000,000","$107,136,417","$220,648,184","Biography, Drama, Thriller",Paul Greengrass,Nominated for 6 Oscars. Another 16 wins & 135 nominations.,7.9
Free Birds,11/1/2013,"$55,000,000","$55,750,480","$110,387,072","Animation, Adventure, Comedy",Jimmy Hayward,2 nominations.,5.9
Bullet to the Head,2/1/2013,"$55,000,000","$9,489,829","$22,597,969","Action, Crime, Thriller",Walter Hill,1 nomination.,5.7
Anchorman 2: The Legend Continues,12/18/2013,"$50,000,000","$127,352,707","$172,185,754",Comedy,Adam McKay,1 win & 23 nominations.,6.3
Planes,8/9/2013,"$50,000,000","$90,282,580","$238,059,569","Animation, Adventure, Comedy",Klay Hall,5 nominations.,5.8
Hansel & Gretel: Witch Hunters,1/25/2013,"$50,000,000","$55,703,475","$214,949,716","Action, Fantasy, Horror",Tommy Wirkola,1 win & 4 nominations.,6.1
The Host,3/29/2013,"$50,000,000","$26,623,701","$64,477,051","Action, Adventure, Romance",Andrew Niccol,1 win & 2 nominations.,5.9
Beautiful Creatures,2/14/2013,"$50,000,000","$19,452,138","$60,282,876","Drama, Fantasy, Romance",Richard LaGravenese,9 nominations.,6.2
Prisoners,9/20/2013,"$46,000,000","$61,002,302","$113,402,302","Crime, Drama, Mystery",Denis Villeneuve,Nominated for 1 Oscar. Another 10 wins & 33 nominations.,8.1
The Heat,6/28/2013,"$43,000,000","$159,581,587","$229,727,774","Action, Comedy, Crime",Paul Feig,7 wins & 15 nominations.,6.6
American Hustle,12/13/2013,"$40,000,000","$150,117,807","$257,878,294","Crime, Drama",David O. Russell,Nominated for 10 Oscars. Another 64 wins & 199 nominations.,7.3
Lone Survivor,12/25/2013,"$40,000,000","$125,095,601","$149,804,632","Action, Biography, Drama",Peter Berg,Nominated for 2 Oscars. Another 5 wins & 14 nominations.,7.6
42,4/12/2013,"$40,000,000","$95,020,213","$97,470,701","Biography, Drama, Sport",Brian Helgeland,3 wins & 17 nominations.,7.5
Escape From Planet Earth,2/15/2013,"$40,000,000","$57,012,977","$74,156,610","Animation, Adventure, Comedy",Cal Brunker,1 win.,6.0
Grudge Match,12/25/2013,"$40,000,000","$29,807,260","$69,807,260","Comedy, Sport",Peter Segal,1 win & 1 nomination.,6.4
Paranoia,8/16/2013,"$40,000,000","$7,388,654","$16,173,593","Drama, Thriller",Robert Luketic,1 nomination.,5.7
A Monster in Paris,4/16/2013,"$40,000,000",$0,"$27,000,381","Animation, Adventure, Comedy",Bibo Bergeron,3 nominations.,6.8
The Grandmaster,8/23/2013,"$38,600,000","$6,594,959","$57,987,299","Action, Biography, Drama",Kar-Wai Wong,Nominated for 2 Oscars. Another 53 wins & 50 nominations.,6.5
Riddick,9/6/2013,"$38,000,000","$42,025,135","$94,763,758","Action, Sci-Fi, Thriller",David Twohy,2 nominations.,6.4
Rush,9/20/2013,"$38,000,000","$26,947,624","$98,230,839","Action, Biography, Drama",Ron Howard,Nominated for 2 Golden Globes. Another 6 wins & 53 nominations.,8.2
We're the Millers,8/7/2013,"$37,000,000","$150,394,119","$267,816,276","Adventure, Comedy, Crime",Rawson Marshall Thurber,3 wins & 14 nominations.,7.0
Identity Thief,2/8/2013,"$35,000,000","$134,506,920","$175,361,578","Comedy, Crime",Seth Gordon,1 win & 8 nominations.,5.7
Saving Mr. Banks,12/13/2013,"$35,000,000","$83,299,761","$114,962,525","Biography, Comedy, Drama",John Lee Hancock,Nominated for 1 Oscar. Another 12 wins & 71 nominations.,7.5
Broken City,1/18/2013,"$35,000,000","$19,701,164","$34,480,045","Crime, Drama, Thriller",Allen Hughes,N/A,6.2
Parker,1/25/2013,"$35,000,000","$17,616,641","$48,543,388","Action, Crime, Romance",Taylor Hackford,1 nomination.,6.2
Mandela: Long Walk to Freedom,11/29/2013,"$35,000,000","$8,323,085","$27,480,015","Biography, Drama, History",Justin Chadwick,Nominated for 1 Oscar. Another 10 wins & 28 nominations.,7.1
The Big Wedding,4/26/2013,"$32,500,000","$21,819,348","$48,425,971",Comedy,Justin Zackham,2 nominations.,5.6
This is the End,6/12/2013,"$32,000,000","$101,470,202","$126,539,117","Comedy, Fantasy","Evan Goldberg, Seth Rogen",10 wins & 19 nominations.,6.7
The Incredible Burt Wonderstone,3/15/2013,"$32,000,000","$22,537,881","$27,392,609",Comedy,Don Scardino,1 win & 4 nominations.,5.9
Lee Daniels' The Butler,8/16/2013,"$30,000,000","$116,632,095","$177,025,498","Biography, Drama",Lee Daniels,Nominated for 2 BAFTA Film Awards. Another 17 wins & 50 nominations.,7.2
Warm Bodies,2/1/2013,"$30,000,000","$66,380,662","$115,121,608","Comedy, Horror, Romance",Jonathan Levine,1 win & 9 nominations.,6.9
The Family,9/13/2013,"$30,000,000","$36,918,811","$51,078,541","Comedy, Crime, Thriller",Luc Besson,1 nomination.,6.3
Carrie,10/18/2013,"$30,000,000","$35,266,619","$82,409,520","Drama, Fantasy, Horror",Brian De Palma,Nominated for 2 Oscars. Another 3 wins & 5 nominations.,7.4
Side Effects,2/8/2013,"$30,000,000","$32,172,757","$66,742,138","Crime, Drama, Thriller",Steven Soderbergh,4 nominations.,7.1
Runner Runner,10/4/2013,"$30,000,000","$19,316,646","$60,512,680","Crime, Thriller",Brad Furman,1 nomination.,5.6
The Last Stand,1/18/2013,"$30,000,000","$12,050,299","$48,330,757","Action, Crime, Thriller",Jee-woon Kim,1 win & 2 nominations.,6.4
Dead Man Down,3/8/2013,"$30,000,000","$10,895,295","$19,599,974","Action, Crime, Drama",Niels Arden Oplev,N/A,6.5
Space Pirate Captain Harlock,12/31/2013,"$30,000,000",$0,"$143,490","Animation, Action, Adventure",N/A,N/A,8.0
Safe Haven,2/14/2013,"$28,000,000","$71,399,120","$94,050,951","Drama, Romance, Thriller",Lasse Hallström,3 wins & 6 nominations.,6.7
Last Vegas,1/28/2013,"$28,000,000","$63,914,167","$112,914,167","Comedy, Romance",Jon Turteltaub,4 wins & 1 nomination.,6.6
Kick-Ass 2,8/16/2013,"$28,000,000","$28,795,985","$63,129,909","Action, Comedy, Crime",Jeff Wadlow,1 win & 6 nominations.,6.6
Pain & Gain,4/26/2013,"$26,000,000","$49,875,291","$81,275,291","Comedy, Crime, Drama",Michael Bay,4 nominations.,6.5
The Fifth Estate,10/18/2013,"$26,000,000","$3,254,172","$6,154,172","Biography, Drama, Thriller",Bill Condon,2 wins & 3 nominations.,6.2
A Madea Christmas,12/13/2013,"$25,000,000","$52,543,354","$52,543,354","Comedy, Drama",Tyler Perry,1 win & 6 nominations.,4.6
August:  Osage County,12/25/2013,"$25,000,000","$37,738,810","$50,738,810",Drama,John Wells,Nominated for 2 Oscars. Another 15 wins & 60 nominations.,7.3
The Counselor,10/25/2013,"$25,000,000","$16,973,715","$71,009,334","Crime, Drama, Thriller",Ridley Scott,4 wins & 3 nominations.,5.3
Her,12/18/2013,"$23,000,000","$25,568,251","$48,783,090","Drama, Romance, Sci-Fi",Spike Jonze,Won 1 Oscar. Another 76 wins & 167 nominations.,8.0
Redemption,6/28/2013,"$23,000,000","$36,686","$13,593,473","Action, Crime, Drama",Steven Knight,N/A,6.2
Delivery Man,11/22/2013,"$22,000,000","$30,659,817","$70,536,870","Comedy, Drama",Ken Scott,N/A,6.4
Homefront,11/27/2013,"$22,000,000","$20,158,492","$51,695,362","Action, Crime, Drama",Gary Fleder,1 nomination.,6.5
Out of the Furnace,12/4/2013,"$22,000,000","$11,330,849","$15,434,375","Crime, Drama, Thriller",Scott Cooper,2 wins & 8 nominations.,6.8
Underdogs,12/31/2013,"$22,000,000",$0,"$30,051,905","Animation, Adventure, Family",Juan José Campanella,8 wins & 5 nominations.,6.7
The Conjuring,7/19/2013,"$20,000,000","$137,400,141","$318,000,141",Horror,James Wan,14 wins & 21 nominations.,7.5
12 Years a Slave,10/18/2013,"$20,000,000","$56,671,993","$181,025,343","Biography, Drama, History",Steve McQueen,Won 3 Oscars. Another 231 wins & 305 nominations.,8.1
Texas Chainsaw 3D,1/4/2013,"$20,000,000","$34,341,945","$47,666,013","Horror, Thriller",John Luessenhop,2 wins & 7 nominations.,4.8
Scary Movie 5,4/12/2013,"$20,000,000","$32,015,787","$78,613,981",Comedy,"Malcolm D. Lee, David Zucker",5 nominations.,3.5
The World's End,8/23/2013,"$20,000,000","$26,004,851","$47,508,505","Action, Comedy, Sci-Fi",Edgar Wright,5 wins & 20 nominations.,7.0
Battle of the Year,9/20/2013,"$20,000,000","$8,888,355","$16,723,377","Drama, Music",Benson Lee,1 nomination.,5.0
Machete Kills,10/11/2013,"$20,000,000","$8,008,161","$18,273,009","Action, Comedy, Crime",Robert Rodriguez,3 nominations.,5.6
The Frozen Ground,8/23/2013,"$19,200,000",$0,"$5,617,460","Crime, Drama, Mystery",Scott Walker,1 nomination.,6.4
The Book Thief,11/8/2013,"$19,000,000","$21,488,481","$76,086,711","Drama, War",Brian Percival,Nominated for 1 Oscar. Another 7 wins & 14 nominations.,7.6
Out of Inferno,12/31/2013,"$19,000,000",$0,$0,Action,"Danny Pang, Oxide Chun Pang",N/A,5.7
Blue Jasmine,7/26/2013,"$18,000,000","$33,404,871","$102,912,961",Drama,Woody Allen,Won 1 Oscar. Another 51 wins & 74 nominations.,7.3
Jobs,8/16/2013,"$18,000,000","$16,131,410","$26,131,410","Biography, Drama",Joshua Michael Stern,2 nominations.,5.9
Getaway,8/30/2013,"$18,000,000","$10,501,938","$11,813,989","Action, Crime, Thriller",Courtney Solomon,1 nomination.,4.4
Metallica Through the Never,9/27/2013,"$18,000,000","$3,419,967","$9,082,906",Music,Nimród Antal,1 win & 3 nominations.,7.2
Phantom,3/1/2013,"$18,000,000","$1,034,589","$1,199,510","Action, Drama, History",Todd Robinson,N/A,5.8
Black Nativity,11/27/2013,"$17,500,000","$7,018,188","$7,285,135","Drama, Family, Music",Kasi Lemmons,2 wins & 5 nominations.,4.4
The Best Man Holiday,11/15/2013,"$17,000,000","$70,525,195","$72,835,710","Comedy, Drama",Malcolm D. Lee,3 wins & 15 nominations.,6.7
Evil Dead,4/5/2013,"$17,000,000","$54,239,856","$97,778,356","Fantasy, Horror",Fede Alvarez,6 wins & 16 nominations.,6.5
Trance,4/5/2013,"$16,000,000","$2,322,593","$22,594,052","Crime, Drama, Mystery",Danny Boyle,3 wins & 3 nominations.,7.0
Zulu,12/31/2013,"$16,000,000",$0,"$1,844,228","Drama, History, War",Cy Endfield,N/A,7.8
Bad Grandpa,10/25/2013,"$15,000,000","$102,003,019","$160,903,019",Comedy,Jeff Tremaine,Nominated for 1 Oscar. Another 1 win & 8 nominations.,6.6
Mama,1/18/2013,"$15,000,000","$71,628,180","$148,095,566","Fantasy, Horror",Andrés Muschietti,11 wins & 15 nominations.,6.2
Snitch,2/22/2013,"$15,000,000","$42,930,462","$57,907,734","Action, Drama, Thriller",Ric Roman Waugh,1 nomination.,6.5
The Place Beyond the Pines,3/29/2013,"$15,000,000","$21,403,519","$47,011,449","Crime, Drama, Thriller",Derek Cianfrance,3 wins & 18 nominations.,7.3
Peeples,5/10/2013,"$15,000,000","$9,177,065","$9,307,166","Comedy, Romance",Tina Gordon Chism,6 nominations.,5.3
Winnie Mandela,9/6/2013,"$15,000,000","$61,847","$61,847","Biography, Drama, History",Darrell Roodt,2 wins & 5 nominations.,6.0
Khumba,12/6/2013,"$15,000,000",$0,"$20,898,221","Animation, Adventure, Family",Anthony Silverston,3 nominations.,5.8
21 & Over,3/1/2013,"$13,000,000","$25,682,380","$42,195,766","Crime, Drama, Thriller",Robert Luketic,1 win & 5 nominations.,6.8
Admission,3/22/2013,"$13,000,000","$18,007,317","$18,733,666","Comedy, Drama, Romance",Paul Weitz,N/A,5.7
The Call,3/15/2013,"$12,800,000","$51,872,378","$69,821,476","Crime, Thriller",Brad Anderson,1 win & 10 nominations.,6.7
Ernest & Celestine,3/1/2013,"$12,500,000","$292,562","$9,376,444",Short,Keith Behrman,1 win.,3.8
Philomena,11/22/2013,"$12,000,000","$37,709,979","$98,963,392","Biography, Drama",Stephen Frears,Nominated for 4 Oscars. Another 30 wins & 74 nominations.,7.6
Nebraska,11/15/2013,"$12,000,000","$17,654,912","$24,761,360","Adventure, Comedy, Drama",Alexander Payne,Nominated for 6 Oscars. Another 26 wins & 157 nominations.,7.8
About Time,11/1/2013,"$12,000,000","$15,323,921","$89,177,486","Drama, Fantasy, Romance",Richard Curtis,3 wins & 9 nominations.,7.8
The Great Beauty,11/15/2013,"$12,000,000","$2,883,879","$29,549,145",Drama,Paolo Sorrentino,Won 1 Oscar. Another 52 wins & 72 nominations.,7.7
Stoker,3/1/2013,"$12,000,000","$1,703,125","$12,079,308","Drama, Thriller",Chan-wook Park,4 wins & 34 nominations.,6.8
Space Battleship Yamato,10/19/2013,"$12,000,000",$0,$0,"Action, Adventure, Drama",Takashi Yamazaki,1 win & 1 nomination.,6.1
Quartet,1/11/2013,"$11,000,000","$18,388,357","$56,178,935","Comedy, Drama",Dustin Hoffman,Nominated for 1 Golden Globe. Another 4 wins & 4 nominations.,6.8
Inside Llewyn Davis,12/6/2013,"$11,000,000","$13,248,209","$32,943,247","Drama, Music","Ethan Coen, Joel Coen",Nominated for 2 Oscars. Another 45 wins & 151 nominations.,7.4
The Last Days on Mars,12/6/2013,"$10,600,000","$24,084","$261,364","Horror, Sci-Fi, Thriller",Ruairi Robinson,4 nominations.,5.5
One Direction: This is Us,8/30/2013,"$10,000,000","$28,873,374","$68,541,786","Documentary, Music",Morgan Spurlock,1 nomination.,4.1
Mud,4/26/2013,"$10,000,000","$21,590,086","$31,556,959",Drama,Jeff Nichols,11 wins & 34 nominations.,7.4
Movie 43,1/25/2013,"$10,000,000","$8,840,453","$31,164,747",Comedy,"Elizabeth Banks, Steven Brill, Steve Carr, Rusty Cundieff, James Duffy, Griffin Dunne, Peter Farrelly, Patrik Forsberg, Will Graham, James Gunn, Brett Ratner, Jonathan van Tulleken, Bob Odenkirk",4 wins & 5 nominations.,4.3
The Iceman,5/3/2013,"$10,000,000","$1,930,282","$3,623,609","Biography, Crime, Drama",Ariel Vromen,2 wins.,6.9
"Cinco de Mayo, La Batalla",5/3/2013,"$10,000,000","$173,472","$173,472","Drama, History, War",Rafa Lara,3 wins & 1 nomination.,6.2
Re-Kill,12/31/2013,"$9,500,000",$0,$0,"Action, Horror",Valeri Milev,N/A,5.1
The Haunting in Connecticut 2: Ghosts of Georgia,2/1/2013,"$9,000,000",$0,$0,"Drama, Horror, Mystery",Tom Elkins,N/A,5.3
Baggage Claim,9/27/2013,"$8,500,000","$21,569,509","$22,885,836",Comedy,David E. Talbert,1 nomination.,5.0
All is Lost,10/18/2013,"$8,500,000","$6,263,670","$10,292,010","Action, Adventure, Drama",J.C. Chandor,Nominated for 1 Oscar. Another 3 wins & 43 nominations.,6.9
Yeh Jawaani Hai Deewani,5/31/2013,"$8,300,000","$3,827,466","$50,827,466","Comedy, Drama, Musical",Ayan Mukherjee,22 wins & 92 nominations.,6.9
Enough Said,9/18/2013,"$8,000,000","$17,550,872","$22,850,872","Comedy, Drama, Romance",Nicole Holofcener,Nominated for 1 Golden Globe. Another 9 wins & 36 nominations.,7.1
My Lucky Star,9/20/2013,"$8,000,000",$0,"$21,970,000","Action, Adventure, Comedy",Dennie Gordon,N/A,5.2
The Christmas Candle,11/15/2013,"$7,000,000","$1,632,000","$1,933,829","Drama, Family",John Stephenson,N/A,5.8
Twixt,7/23/2013,"$7,000,000",$0,"$1,268,346","Comedy, Fantasy, Horror",Francis Ford Coppola,1 nomination.,4.8
Don Jon,9/27/2013,"$5,500,000","$24,477,704","$41,268,579","Comedy, Drama, Romance",Joseph Gordon-Levitt,1 win & 28 nominations.,6.6
Tao Jie,2/26/2013,"$5,400,000",$0,"$4,728,896",None,None,None,None
Grabbers,7/19/2013,"$5,300,000",$0,"$440,821","Comedy, Horror, Sci-Fi",Jon Wright,4 wins & 9 nominations.,6.3
Blue Is the Warmest Color,10/11/2013,"$5,250,000","$2,450,504","$22,937,201","Drama, Romance",Abdellatif Kechiche,Nominated for 1 Golden Globe. Another 83 wins & 92 nominations.,7.8
Insidious Chapter 2,9/13/2013,"$5,000,000","$83,586,447","$161,921,515","Fantasy, Horror, Thriller",James Wan,15 nominations.,6.6
Instructions Not Included,8/30/2013,"$5,000,000","$44,467,206","$100,486,616","Comedy, Drama",Eugenio Derbez,5 wins & 2 nominations.,7.6
Dallas Buyers Club,11/1/2013,"$5,000,000","$27,298,285","$60,611,845","Biography, Drama",Jean-Marc Vallée,Won 3 Oscars. Another 79 wins & 77 nominations.,8.0
The Way Way Back,7/5/2013,"$5,000,000","$21,502,690","$26,853,810","Comedy, Drama","Nat Faxon, Jim Rash",5 wins & 28 nominations.,7.4
Spring Breakers,3/15/2013,"$5,000,000","$14,124,286","$31,149,251","Crime, Drama",Harmony Korine,11 wins & 26 nominations.,5.3
Only God Forgives,7/19/2013,"$4,800,000","$775,849","$4,494,560","Crime, Drama",Nicolas Winding Refn,10 wins & 20 nominations.,5.7
The Sweeney,3/1/2013,"$4,500,000","$26,345","$7,838,405","Action, Crime, Drama",Nick Love,2 nominations.,6.1
Hansel & Gretel Get Baked,6/25/2013,"$4,500,000",$0,$0,"Action, Fantasy, Horror",Tommy Wirkola,1 win & 4 nominations.,6.1
The Last Exorcism Part II,3/1/2013,"$4,000,000","$15,179,303","$25,448,707","Drama, Horror, Thriller",Ed Gass-Donnelly,1 win & 2 nominations.,4.0
Inescapable,2/22/2013,"$4,000,000","$4,327","$4,327","Drama, Mystery, Romance",Ruba Nadda,N/A,5.2
The Geographer Drank His Globe Away,12/31/2013,"$4,000,000",$0,"$4,454,853","Adventure, Drama",Aleksandr Veledinskiy,14 wins & 10 nominations.,7.5
Dark Skies,2/22/2013,"$3,500,000","$17,418,667","$27,704,111","Horror, Sci-Fi, Thriller",Scott Stewart,N/A,6.3
"Batman: The Dark Knight Returns, Part 2",1/29/2013,"$3,500,000",$0,$0,"Animation, Action, Crime",Jay Oliva,1 win & 1 nomination.,8.4
Jagten,5/17/2013,"$3,450,000","$687,185","$18,309,793",Adventure,Søren Frellesen,3 nominations.,5.9
Antiviral,4/12/2013,"$3,100,000",$0,"$123,407","Horror, Sci-Fi, Thriller",Brandon Cronenberg,4 wins & 12 nominations.,5.6
The Purge,6/7/2013,"$3,000,000","$64,473,115","$91,265,155","Horror, Thriller",James DeMonaco,1 win & 6 nominations.,5.6
Before Midnight,5/24/2013,"$3,000,000","$8,110,621","$23,376,973","Drama, Romance",Richard Linklater,Nominated for 1 Oscar. Another 19 wins & 56 nominations.,7.9
Open Road,5/21/2013,"$3,000,000",$0,"$47,469","Action, Drama, Thriller",Marcio Garcia,1 win.,5.5
30 Nights Of Paranormal Activity With The Devil Inside The Girl With The Dragon Tattoo,1/15/2013,"$3,000,000",$0,$0,Comedy,Craig Moss,N/A,2.6
A Haunted House,1/11/2013,"$2,500,000","$40,041,683","$59,922,558","Comedy, Fantasy",Michael Tiddes,1 win & 1 nomination.,5.1
Kevin Hart: Let Me Explain,7/3/2013,"$2,500,000","$32,244,051","$32,327,255","Documentary, Comedy","Leslie Small, Tim Story",1 win & 1 nomination.,6.7
The Spectacular Now,8/2/2013,"$2,500,000","$6,852,971","$6,916,951","Comedy, Drama, Romance",James Ponsoldt,10 wins & 30 nominations.,7.1
The Lost Medallion: The Adventures of Billy Stone,3/1/2013,"$2,500,000","$549,632","$549,632","Adventure, Family, Fantasy",Bill Muir,N/A,4.8
Underdogs,8/16/2013,"$2,500,000","$35,017","$35,017","Animation, Adventure, Family",Juan José Campanella,8 wins & 5 nominations.,6.7
Alien Uprising,6/21/2013,"$2,500,000",$0,$0,Sci-Fi,Andrew Bellware,N/A,3.1
Plush,9/13/2013,"$2,000,000","$3,320","$29,104",Thriller,Catherine Hardwicke,N/A,5.4
Stitches,4/1/2013,"$2,000,000",$0,"$63,555","Comedy, Horror",Conor McMahon,2 wins.,5.7
Small Apartments,2/8/2013,"$2,000,000",$0,$0,"Comedy, Crime, Drama",Jonas Åkerlund,1 nomination.,6.1
Coffee Town,7/9/2013,"$2,000,000",$0,$0,Comedy,Brad Copeland,N/A,6.6
Straight A's,3/19/2013,"$2,000,000",$0,$0,"Comedy, Drama",James Cox,N/A,5.7
ABCD (Any Body Can Dance),2/8/2013,"$1,900,000","$222,098","$10,137,234","Drama, Musical",Remo,3 nominations.,6.4
Stranded,7/26/2013,"$1,900,000",$0,"$285,593","Horror, Sci-Fi",Roger Christian,N/A,3.5
Independence Daysaster,12/31/2013,"$1,800,000",$0,$0,"Action, Sci-Fi",W.D. Hogan,N/A,3.4
Living Dark: The Story of Ted the Caver,12/31/2013,"$1,750,000",$0,$0,Horror,David Hunt,N/A,6.8
Grace Unplugged,10/4/2013,"$1,700,000","$2,507,159","$2,507,159","Drama, Music",Brad J. Silverman,N/A,6.1
The To Do List,7/26/2013,"$1,500,000","$3,491,669","$4,128,828",Comedy,Maggie Carey,N/A,5.8
The Gatekeepers,2/1/2013,"$1,500,000","$2,408,553","$2,592,308",Documentary,Dror Moreh,Nominated for 1 Oscar. Another 7 wins & 10 nominations.,7.6
The Lords of Salem,4/19/2013,"$1,500,000","$1,165,881","$1,541,131","Horror, Thriller",Rob Zombie,1 win & 3 nominations.,5.1
Eddie: The Sleepwalking Cannibal,4/5/2013,"$1,400,000","$1,632","$1,632","Comedy, Horror",Boris Rodriguez,2 wins & 1 nomination.,5.7
Filly Brown,4/19/2013,"$1,250,000","$2,850,357","$2,850,357","Drama, Music","Youssef Delara, Michael D. Olmos",3 wins & 4 nominations.,5.6
Home Run,4/19/2013,"$1,200,000","$2,859,955","$2,859,955","Drama, Sport",David Boyd,N/A,6.0
The Wicked Within,12/31/2013,"$1,200,000",$0,$0,Horror,Jay Alaimo,N/A,4.6
The Vatican Exorcisms,12/31/2013,"$1,100,000",$0,$0,Horror,Joe Marino,N/A,2.6
Twenty Feet From Stardom,6/14/2013,"$1,000,000","$4,946,250","$5,892,466","Documentary, Music",Morgan Neville,Won 1 Oscar. Another 20 wins & 24 nominations.,7.4
The Act of Killing,7/19/2013,"$1,000,000","$486,919","$501,289","Documentary, History","Joshua Oppenheimer, Anonymous, Christine Cynn",Nominated for 1 Oscar. Another 50 wins & 40 nominations.,8.2
Heli,12/31/2013,"$1,000,000",$0,"$31,562","Crime, Drama, Romance",Amat Escalante,14 wins & 25 nominations.,6.8
My Last Day Without You,10/4/2013,"$1,000,000",$0,$0,"Comedy, Drama, Romance",Stefan C. Schaefer,3 wins & 2 nominations.,5.6
Zombie Hunter,10/8/2013,"$1,000,000",$0,$0,"Action, Comedy, Horror",K. King,N/A,3.5
Black Rock,5/14/2013,"$1,000,000",$0,$0,"Horror, Thriller",Katie Aselton,N/A,4.7
Fruitvale Station,7/12/2013,"$900,000","$16,098,998","$17,549,645","Biography, Drama, Romance",Ryan Coogler,39 wins & 52 nominations.,7.5
The Brass Teapot,4/5/2013,"$900,000","$6,997","$413,733","Comedy, Fantasy, Thriller",Ramaa Mosley,2 nominations.,6.4
All the Boys Love Mandy Lane,10/11/2013,"$750,000",$0,"$1,960,521",Horror,Jonathan Levine,1 nomination.,5.6
Escape from Tomorrow,10/11/2013,"$650,000","$171,962","$171,962","Fantasy, Horror",Randy Moore,2 wins & 4 nominations.,5.2
Treachery,12/31/2013,"$625,000",$0,$0,"Drama, Thriller",Travis Romero,2 wins & 2 nominations.,3.8
Drinking Buddies,8/23/2013,"$500,000","$343,706","$407,100","Comedy, Drama, Romance",Joe Swanberg,1 win & 3 nominations.,6.1
Deceptive Practice: The Mysteries and Mentors of Ricky Jay,4/17/2013,"$500,000","$152,449","$152,449",Documentary,Molly Bernstein,N/A,7.1
Detention of the Dead,6/28/2013,"$500,000","$1,778","$1,778","Comedy, Horror",Alex Craig Mann,N/A,4.5
Now is Good,1/8/2013,"$500,000",$0,"$2,141,436","Drama, Romance",Ol Parker,4 wins & 1 nomination.,7.2
Bucky and the Squirrels,12/31/2013,"$500,000",$0,$0,Comedy,Allan Katz,N/A,N/A
Midnight Cabaret,8/7/2013,"$300,000",$0,$0,Horror,Pece Dingo,N/A,4.4
The Canyons,8/2/2013,"$250,000","$59,671","$62,375","Drama, Thriller",Paul Schrader,2 wins & 2 nominations.,3.9
Speak No Evil,12/31/2013,"$150,000",$0,"$32,927",Horror,Roze,N/A,3.7
Aroused,5/3/2013,"$150,000",$0,$0,Documentary,Deborah Anderson,N/A,5.3
Echo Dr.,12/31/2013,"$100,000",$0,$0,"Action, Drama, Sci-Fi",Patrick Ryan Sims,N/A,5.2
Supporting Characters,1/25/2013,"$60,000","$4,917","$4,917",Comedy,Daniel Schechter,N/A,6.4
The Dirties,10/4/2013,"$55,000",$0,$0,"Crime, Drama, Romance",Matt Johnson,8 wins & 11 nominations.,6.7
A True Story,10/25/2013,"$45,000",$0,$0,Comedy,Malcolm Goodwin,N/A,5.5
This Is Martin Bonner,6/21/2013,"$42,000",$0,$0,Drama,Chad Hartigan,8 wins & 4 nominations.,6.6
Her Cry: La Llorona Investigation,10/25/2013,"$35,000",$0,$0,Horror,Damir Catic,1 win.,5.4
Paraphobia,12/31/2013,"$30,000",$0,$0,"Comedy, Horror, Thriller",Rick Montano,N/A,N/A
All Superheroes Must Die,1/4/2013,"$20,000",$0,$0,"Sci-Fi, Thriller",Jason Trost,N/A,4.0
Shanghai Calling,2/15/2013,"$3,967","$10,443","$10,443","Comedy, Drama, Romance",Daniel Hsia,3 wins & 1 nomination.,6.3
