Title,Release Date,Budget,Domestic Gross,Worldwide Gross,Genre,Director,Awards,imdbRating
Tangled,11/24/2010,"$260,000,000","$200,821,936","$586,581,936","Animation, Adventure, Comedy","Nathan Greno, Byron Howard",Nominated for 1 Oscar. Another 9 wins & 38 nominations.,7.8
Robin Hood,5/14/2010,"$210,000,000","$105,269,730","$322,241,588","Action, Adventure, Drama",Ridley Scott,1 win & 16 nominations.,6.7
Toy Story 3,6/18/2010,"$200,000,000","$415,004,880","$1,069,818,229","Animation, Adventure, Comedy",Lee Unkrich,Won 2 Oscars. Another 56 wins & 85 nominations.,8.3
Alice in Wonderland,3/5/2010,"$200,000,000","$334,191,110","$1,025,491,110","Adventure, Family, Fantasy",Tim Burton,Won 2 Oscars. Another 30 wins & 60 nominations.,6.5
Tron: Legacy,12/17/2010,"$200,000,000","$172,062,763","$397,562,763","Action, Adventure, Sci-Fi",Joseph Kosinski,Nominated for 1 Oscar. Another 10 wins & 45 nominations.,6.8
Prince of Persia: The Sands of Time,5/28/2010,"$200,000,000","$90,759,676","$314,594,597","Action, Adventure, Fantasy",Mike Newell,9 nominations.,6.6
Iron Man 2,5/7/2010,"$170,000,000","$312,128,345","$623,256,345","Action, Adventure, Sci-Fi",Jon Favreau,Nominated for 1 Oscar. Another 7 wins & 40 nominations.,7.0
Shrek Forever After,5/21/2010,"$165,000,000","$238,395,990","$755,903,876","Animation, Adventure, Comedy",Mike Mitchell,1 win & 12 nominations.,6.4
How to Train Your Dragon,3/26/2010,"$165,000,000","$217,581,231","$494,870,991","Animation, Adventure, Family","Dean DeBlois, Chris Sanders",Nominated for 2 Oscars. Another 25 wins & 57 nominations.,8.2
Inception,7/16/2010,"$160,000,000","$292,576,195","$832,584,416","Action, Mystery, Sci-Fi",Christopher Nolan,Won 4 Oscars. Another 139 wins & 192 nominations.,8.8
The Sorcerer's Apprentice,7/14/2010,"$160,000,000","$63,150,991","$217,986,320","Action, Adventure, Family",Jon Turteltaub,1 win & 1 nomination.,6.1
The Chronicles of Narnia: The Voyage of the Dawn Treader,12/10/2010,"$155,000,000","$104,386,950","$418,186,950","Adventure, Family, Fantasy",Michael Apted,Nominated for 1 Golden Globe. Another 1 win & 16 nominations.,6.3
The Last Airbender,7/1/2010,"$150,000,000","$131,601,062","$319,542,756","Action, Adventure, Family",M. Night Shyamalan,8 wins & 12 nominations.,4.2
The Wolfman,2/12/2010,"$150,000,000","$61,979,680","$142,424,154","Drama, Fantasy, Horror",Joe Johnston,Won 1 Oscar. Another 2 wins & 8 nominations.,5.8
Megamind,11/5/2010,"$130,000,000","$148,415,853","$321,887,208","Animation, Action, Comedy",Tom McGrath,2 wins & 16 nominations.,7.3
Salt,7/23/2010,"$130,000,000","$118,311,368","$290,650,494","Action, Crime, Mystery",Phillip Noyce,Nominated for 1 Oscar. Another 4 wins & 16 nominations.,6.4
Harry Potter and the Deathly Hallows: Part I,11/19/2010,"$125,000,000","$295,001,070","$959,301,070",Fantasy,"Matt Birch, Adele Cutting, Andrew S. Walsh",N/A,6.4
Clash of the Titans,4/1/2010,"$125,000,000","$163,214,888","$493,214,888","Action, Adventure, Fantasy",Louis Leterrier,2 wins & 12 nominations.,5.8
How Do You Know?,12/17/2010,"$120,000,000","$30,212,620","$49,628,177","Short, Biography, Drama",Renae Barnard,N/A,N/A
Knight and Day,6/23/2010,"$117,000,000","$76,423,035","$258,751,370","Action, Comedy, Romance",James Mangold,4 nominations.,6.3
Gulliver's Travels,12/25/2010,"$112,000,000","$42,779,261","$232,017,848","Adventure, Comedy, Family",Rob Letterman,3 nominations.,4.9
The A-Team,6/11/2010,"$110,000,000","$77,222,099","$177,241,171","Action, Adventure, Comedy",Joe Carnahan,1 win & 4 nominations.,6.8
Little Fockers,12/22/2010,"$100,000,000","$148,438,600","$310,650,574","Comedy, Romance",Paul Weitz,3 wins & 4 nominations.,5.5
The Other Guys,8/6/2010,"$100,000,000","$119,219,978","$170,936,470","Action, Comedy, Crime",Adam McKay,3 wins & 14 nominations.,6.7
The Tourist,12/10/2010,"$100,000,000","$67,631,157","$278,731,369","Action, Romance, Thriller",Florian Henckel von Donnersmarck,Nominated for 3 Golden Globes. Another 3 wins & 2 nominations.,6.0
Legend of the Guardians: The Owls of Ga'Hoole,9/24/2010,"$100,000,000","$55,675,313","$139,716,717","Animation, Action, Adventure",Zack Snyder,4 wins & 23 nominations.,7.0
Green Zone,3/12/2010,"$100,000,000","$35,053,660","$97,079,343","Action, Drama, Thriller",Paul Greengrass,6 nominations.,6.9
Sex and the City 2,5/27/2010,"$95,000,000","$95,347,692","$294,680,778","Comedy, Drama, Romance",Michael Patrick King,8 wins & 8 nominations.,4.3
Percy Jackson & the Olympians: The Lightning Thief,2/12/2010,"$95,000,000","$88,768,303","$223,050,874","Adventure, Family, Fantasy",Chris Columbus,11 nominations.,5.9
Unstoppable,11/12/2010,"$95,000,000","$81,562,942","$169,511,609","Action, Thriller",Tony Scott,Nominated for 1 Oscar. Another 1 win & 13 nominations.,6.8
The Nutcracker in 3D,11/24/2010,"$90,000,000","$195,459","$20,466,016","Action, Family, Fantasy",Andrey Konchalovskiy,2 nominations.,4.5
Cats & Dogs: The Revenge of Kitty Galore,7/30/2010,"$85,000,000","$45,539,292","$114,979,922",Musical,David Mallet,N/A,7.4
Scott Pilgrim vs. The World,8/13/2010,"$85,000,000","$31,524,275","$47,969,723","Action, Comedy, Fantasy",Edgar Wright,16 wins & 56 nominations.,7.5
The Expendables,8/13/2010,"$82,000,000","$103,068,524","$268,268,174","Action, Adventure, Thriller",Sylvester Stallone,3 wins & 5 nominations.,6.5
Shutter Island,2/19/2010,"$80,000,000","$128,012,934","$299,461,782","Mystery, Thriller",Martin Scorsese,8 wins & 58 nominations.,8.1
Yogi Bear,12/17/2010,"$80,000,000","$100,246,011","$204,774,690","Animation, Adventure, Comedy",Eric Brevig,2 wins & 1 nomination.,4.6
The Book of Eli,1/15/2010,"$80,000,000","$94,835,059","$158,750,817","Action, Adventure, Drama","Albert Hughes, Allen Hughes",3 wins & 16 nominations.,6.9
Oceans,4/22/2010,"$80,000,000","$19,422,319","$86,787,530","Documentary, Drama","Jacques Perrin, Jacques Cluzaud",2 wins & 4 nominations.,7.8
Grown Ups,6/25/2010,"$75,000,000","$162,001,186","$272,223,430",Comedy,Dennis Dugan,3 wins & 4 nominations.,6.0
Killers,6/4/2010,"$75,000,000","$47,059,963","$95,572,749","Action, Comedy, Romance",Robert Luketic,2 wins & 3 nominations.,5.4
Wall Street: Money Never Sleeps,9/24/2010,"$70,000,000","$52,474,616","$137,431,619",Drama,Oliver Stone,Nominated for 1 Golden Globe. Another 1 win & 3 nominations.,6.3
Agora,5/28/2010,"$70,000,000","$619,423","$38,992,292","Adventure, Drama, History",Alejandro Amenábar,11 wins & 14 nominations.,7.2
Despicable Me,7/9/2010,"$69,000,000","$251,513,985","$543,495,033","Animation, Comedy, Family","Pierre Coffin, Chris Renaud",Nominated for 1 Golden Globe. Another 3 wins & 38 nominations.,7.7
Dinner for Schmucks,7/30/2010,"$69,000,000","$73,026,337","$86,796,502",Comedy,Jay Roach,1 nomination.,5.9
The Twilight Saga: Eclipse,6/30/2010,"$68,000,000","$300,531,751","$706,102,828","Adventure, Drama, Fantasy",David Slade,23 wins & 33 nominations.,4.9
Due Date,11/5/2010,"$65,000,000","$100,539,043","$211,739,043","Adventure, Comedy",Todd Phillips,6 nominations.,6.6
Red,10/15/2010,"$60,000,000","$90,380,162","$196,439,693","Action, Comedy, Crime",Robert Schwentke,Nominated for 1 Golden Globe. Another 3 wins & 17 nominations.,7.1
Eat Pray Love,8/13/2010,"$60,000,000","$80,574,010","$206,598,789","Drama, Romance",Ryan Murphy,1 win & 2 nominations.,5.7
Edge of Darkness,1/29/2010,"$60,000,000","$43,313,890","$82,812,456","Crime, Drama, Mystery",Martin Campbell,1 nomination.,6.6
Resident Evil: Afterlife,9/10/2010,"$57,500,000","$60,128,566","$295,874,190","Action, Adventure, Horror",Paul W.S. Anderson,2 wins & 8 nominations.,5.9
Date Night,4/9/2010,"$55,000,000","$98,711,404","$152,269,033","Comedy, Crime, Romance",Shawn Levy,4 wins & 8 nominations.,6.3
Burlesque,11/24/2010,"$55,000,000","$39,440,655","$89,657,398","Drama, Music, Romance",Steve Antin,Won 1 Golden Globe. Another 5 wins & 14 nominations.,6.4
Valentine's Day,2/12/2010,"$52,000,000","$110,485,654","$217,569,328","Comedy, Romance",Garry Marshall,6 wins & 12 nominations.,5.7
From Paris With Love,2/5/2010,"$52,000,000","$24,077,427","$53,139,168","Action, Thriller",Pierre Morel,N/A,6.5
Marmaduke,6/4/2010,"$50,000,000","$33,644,788","$84,023,611","Comedy, Family",Tom Dey,2 nominations.,4.2
Hereafter,10/15/2010,"$50,000,000","$32,746,941","$105,246,941","Drama, Fantasy",Clint Eastwood,Nominated for 1 Oscar. Another 4 wins & 13 nominations.,6.5
The Tooth Fairy,1/22/2010,"$48,000,000","$60,022,256","$112,610,386","Horror, Thriller",Chuck Bowman,N/A,4.6
Jonah Hex,6/18/2010,"$47,000,000","$10,547,117","$11,022,696","Action, Drama, Fantasy",Jimmy Hayward,1 win & 4 nominations.,4.7
The Bounty Hunter,3/19/2010,"$45,000,000","$67,061,228","$135,808,837","Action, Comedy, Romance",Andy Tennant,1 win & 5 nominations.,5.5
The Ghost Writer,2/19/2010,"$45,000,000","$15,541,549","$65,532,491","Mystery, Thriller",Roman Polanski,32 wins & 51 nominations.,7.2
Charlie St. Cloud,7/30/2010,"$44,000,000","$31,162,545","$48,434,366","Drama, Fantasy, Romance",Burr Steers,4 nominations.,6.5
The Warrior's Way,12/3/2010,"$42,000,000","$5,666,340","$8,514,325","Action, Fantasy, Western",Sngmoo Lee,N/A,6.3
Micmacs,5/28/2010,"$42,000,000","$1,259,693","$11,756,922","Action, Comedy, Crime",Jean-Pierre Jeunet,5 wins & 8 nominations.,7.2
The Karate Kid,6/11/2010,"$40,000,000","$176,591,618","$351,774,938","Action, Drama, Family",John G. Avildsen,Nominated for 1 Oscar. Another 2 wins & 2 nominations.,7.2
The Social Network,10/1/2010,"$40,000,000","$96,962,694","$224,922,135","Biography, Drama",David Fincher,Won 3 Oscars. Another 158 wins & 157 nominations.,7.7
Get Him to the Greek,6/4/2010,"$40,000,000","$60,974,475","$91,276,824","Comedy, Music",Nicholas Stoller,14 nominations.,6.4
Predators,7/9/2010,"$40,000,000","$52,000,688","$127,234,389","Action, Adventure, Sci-Fi",Nimród Antal,2 wins & 4 nominations.,6.4
Morning Glory,11/10/2010,"$40,000,000","$31,011,732","$59,795,070","Comedy, Drama, Romance",Roger Michell,3 nominations.,6.5
The Warlords,4/2/2010,"$40,000,000","$129,078","$38,899,792","Action, Drama, History","Peter Ho-sun Chan, Wai Man Yip",17 wins & 24 nominations.,7.1
Life as We Know It,10/8/2010,"$38,000,000","$53,374,681","$105,887,837","Comedy, Drama, Romance",Greg Berlanti,2 nominations.,6.6
The Town,9/17/2010,"$37,000,000","$92,186,262","$152,566,881","Crime, Drama, Thriller",Ben Affleck,Nominated for 1 Oscar. Another 9 wins & 44 nominations.,7.6
Cop Out,2/26/2010,"$37,000,000","$44,875,481","$55,909,910","Action, Comedy, Crime",Kevin Smith,1 nomination.,5.6
Hot Tub Time Machine,3/26/2010,"$36,000,000","$50,269,859","$65,967,750","Comedy, Sci-Fi",Steve Pink,4 nominations.,6.4
True Grit,12/22/2010,"$35,000,000","$171,050,328","$252,084,251","Adventure, Drama, Western","Ethan Coen, Joel Coen",Nominated for 10 Oscars. Another 37 wins & 148 nominations.,7.7
A Nightmare on Elm Street,4/30/2010,"$35,000,000","$63,075,011","$117,729,621",Horror,Wes Craven,2 wins & 3 nominations.,7.5
Secretariat,10/8/2010,"$35,000,000","$59,699,513","$60,376,247","Drama, Family, History",Randall Wallace,3 wins & 6 nominations.,7.2
The Back-up Plan,4/23/2010,"$35,000,000","$37,490,007","$75,281,179","Comedy, Romance",Alan Poul,2 nominations.,5.3
Nanny McPhee Returns,8/20/2010,"$35,000,000","$29,011,215","$97,613,438","Comedy, Family, Fantasy",Susanna White,1 win & 3 nominations.,6.1
Furry Vengeance,4/30/2010,"$35,000,000","$17,630,465","$39,340,177","Comedy, Family",Roger Kumble,1 nomination.,3.8
Biutiful,1/21/2010,"$35,000,000","$5,101,237","$24,687,524",Drama,Alejandro González Iñárritu,Nominated for 2 Oscars. Another 17 wins & 45 nominations.,7.5
Takers,8/27/2010,"$32,000,000","$57,744,720","$70,587,268","Action, Crime, Thriller",John Luessenhop,2 wins & 6 nominations.,6.2
Going the Distance,9/3/2010,"$32,000,000","$17,804,299","$43,603,990","Comedy, Romance",Nanette Burstein,N/A,6.4
Repo Men,3/19/2010,"$32,000,000","$13,794,835","$18,048,066","Action, Crime, Sci-Fi",Miguel Sapochnik,2 nominations.,6.3
Extraordinary Measures,1/22/2010,"$31,000,000","$12,482,741","$15,826,984",Drama,Tom Vaughan,N/A,6.5
Letters to Juliet,5/14/2010,"$30,000,000","$53,032,453","$82,148,538","Comedy, Drama, Romance",Gary Winick,5 nominations.,6.5
Step Up 3D,8/6/2010,"$30,000,000","$42,400,223","$165,889,117","Drama, Music, Romance",Jon M. Chu,1 nomination.,6.2
Love & Other Drugs,11/24/2010,"$30,000,000","$32,367,005","$102,716,321","Drama, Romance",Gaspar Noé,1 win & 1 nomination.,6.0
The Next Three Days,11/19/2010,"$30,000,000","$21,148,651","$67,255,916","Crime, Drama, Romance",Paul Haggis,4 nominations.,7.4
Splice,6/4/2010,"$30,000,000","$17,010,170","$26,857,459","Horror, Sci-Fi",Vincenzo Natali,4 wins & 23 nominations.,5.8
Barney's Version,12/17/2010,"$30,000,000","$7,502,560","$8,845,575","Comedy, Drama",Richard J. Lewis,Nominated for 1 Oscar. Another 18 wins & 17 nominations.,7.3
Le Petit Nicolas,2/19/2010,"$30,000,000","$201,857","$52,339,566",Animation,N/A,1 win.,7.7
Konferenz der Tiere,12/31/2010,"$30,000,000",$0,"$53,048,539",Animation,Curt Linda,N/A,6.9
Kick-Ass,4/16/2010,"$28,000,000","$48,071,303","$97,531,134","Action, Comedy",Matthew Vaughn,16 wins & 61 nominations.,7.7
The Spy Next Door,1/15/2010,"$28,000,000","$24,307,106","$46,752,858","Action, Comedy, Family",Brian Levant,2 nominations.,5.4
Case 39,10/1/2010,"$27,000,000","$13,261,851","$28,773,827","Horror, Mystery, Thriller",Christian Alvart,3 nominations.,6.2
Legion,1/22/2010,"$26,000,000","$40,122,938","$67,602,432","Action, Fantasy, Horror",Scott Stewart,N/A,5.2
Dear John,2/5/2010,"$25,000,000","$80,014,842","$142,033,509","Drama, Romance, War",Lasse Hallström,4 wins & 7 nominations.,6.3
The Losers,4/23/2010,"$25,000,000","$23,591,432","$29,863,840","Action, Crime, Drama",Sylvain White,1 win & 7 nominations.,6.4
My Soul to Take,10/8/2010,"$25,000,000","$14,744,435","$16,727,470","Horror, Mystery, Thriller",Wes Craven,1 nomination.,4.8
Love Ranch,6/30/2010,"$25,000,000","$137,885","$146,149","Comedy, Drama, Romance",Taylor Hackford,1 win & 1 nomination.,5.7
A Turtle's Tale: Sammy's Adventures,12/31/2010,"$25,000,000",$0,"$71,594,792","Animation, Adventure, Family",Ben Stassen,1 nomination.,6.2
Space Dogs,12/31/2010,"$25,000,000",$0,"$9,445,081","Animation, Adventure, Comedy","Inna Evlannikova, Svyatoslav Ushakov",N/A,5.3
Piranha 3D,8/20/2010,"$24,000,000","$25,003,155","$83,660,160","Comedy, Horror",Alexandre Aja,2 wins & 12 nominations.,5.5
Faster,11/24/2010,"$24,000,000","$23,240,020","$35,792,945","Action, Crime, Drama",George Tillman Jr.,5 nominations.,6.5
Stone,10/8/2010,"$22,000,000","$1,810,078","$4,065,020","Drama, Thriller",John Curran,N/A,5.4
Death at a Funeral,4/16/2010,"$21,000,000","$42,739,347","$48,977,233",Comedy,Frank Oz,2 wins & 2 nominations.,7.4
For Colored Girls,11/5/2010,"$21,000,000","$37,729,698","$38,017,873",Drama,Tyler Perry,14 wins & 16 nominations.,6.0
Jackass 3D,10/15/2010,"$20,000,000","$117,229,692","$171,685,793","Documentary, Action, Comedy",Jeff Tremaine,1 win & 4 nominations.,7.1
The Last Song,3/31/2010,"$20,000,000","$62,950,384","$92,678,948","Drama, Family, Music",Julie Anne Robinson,4 wins & 9 nominations.,5.8
Why Did I Get Married Too?,4/2/2010,"$20,000,000","$60,095,852","$60,831,067","Comedy, Drama, Romance",Tyler Perry,1 win & 5 nominations.,4.4
Vampires Suck,8/18/2010,"$20,000,000","$36,661,504","$81,424,988",Comedy,"Jason Friedberg, Aaron Seltzer",6 nominations.,3.5
The American,9/1/2010,"$20,000,000","$35,606,376","$67,950,723","Crime, Drama, Thriller",Anton Corbijn,3 nominations.,6.3
She's Out of My League,3/12/2010,"$20,000,000","$31,628,317","$48,298,434","Comedy, Romance",Jim Field Smith,1 nomination.,6.4
Daybreakers,1/8/2010,"$20,000,000","$30,101,577","$51,445,503","Action, Horror, Sci-Fi","Michael Spierig, Peter Spierig",3 wins & 6 nominations.,6.5
You Again,9/24/2010,"$20,000,000","$25,702,053","$32,838,945","Comedy, Family, Romance",Andy Fickman,2 wins.,5.8
Alpha and Omega,9/17/2010,"$20,000,000","$25,107,267","$48,958,353","Animation, Adventure, Comedy","Anthony Bell, Ben Gluck",1 nomination.,5.3
Let Me In,10/1/2010,"$20,000,000","$12,134,935","$28,270,399","Drama, Fantasy, Horror",Matt Reeves,14 wins & 28 nominations.,7.2
All Good Things,12/3/2010,"$20,000,000","$582,024","$873,617","Crime, Drama, Mystery",Andrew Jarecki,1 nomination.,6.3
The Tempest,12/10/2010,"$20,000,000","$277,943","$277,943","Comedy, Drama, Fantasy",Julie Taymor,Nominated for 1 Oscar. Another 2 wins & 3 nominations.,5.4
Three Kingdoms: Resurrection of the Dragon,4/13/2010,"$20,000,000",$0,"$22,139,590","Action, Drama, History",Daniel Lee,2 wins & 7 nominations.,6.2
The Crazies,2/26/2010,"$19,000,000","$39,123,589","$56,445,534",Horror,Breck Eisner,11 nominations.,6.5
The Switch,8/20/2010,"$19,000,000","$27,758,465","$49,858,465","Comedy, Drama, Romance","Josh Gordon, Will Speck",2 nominations.,6.1
Leap Year,1/8/2010,"$19,000,000","$25,918,920","$32,618,920","Comedy, Romance",Anand Tucker,N/A,6.4
127 Hours,11/5/2010,"$18,000,000","$18,335,230","$60,217,171","Adventure, Biography, Drama",Danny Boyle,Nominated for 6 Oscars. Another 23 wins & 136 nominations.,7.6
Youth in Revolt,1/8/2010,"$18,000,000","$15,285,588","$19,685,588","Comedy, Drama, Romance",Miguel Arteta,1 win & 1 nomination.,6.5
The Last Station,1/15/2010,"$18,000,000","$6,617,867","$15,696,146","Biography, Drama, Romance",Michael Hoffman,Nominated for 2 Oscars. Another 3 wins & 15 nominations.,7.0
Mao's Last Dancer,8/20/2010,"$18,000,000","$4,806,750","$17,026,609","Biography, Drama, Music",Bruce Beresford,6 wins & 20 nominations.,7.4
Carlos,10/15/2010,"$18,000,000","$145,526","$157,002","Biography, Crime, Drama",N/A,Won 1 Golden Globe. Another 15 wins & 34 nominations.,7.7
Saw 3D,10/29/2010,"$17,000,000","$45,710,178","$133,735,284","Horror, Mystery",Kevin Greutert,3 nominations.,5.6
Brooklyn's Finest,3/5/2010,"$17,000,000","$27,163,593","$39,233,233","Crime, Drama, Thriller",Antoine Fuqua,1 win & 10 nominations.,6.7
Lottery Ticket,8/20/2010,"$17,000,000","$24,719,879","$24,719,879",Comedy,Erik White,N/A,4.8
The Illusionist,12/25/2010,"$17,000,000","$2,231,474","$5,631,474","Drama, Mystery, Romance",Neil Burger,Nominated for 1 Oscar. Another 10 wins & 9 nominations.,7.6
Remember Me,3/12/2010,"$16,000,000","$19,068,240","$56,506,120","Drama, Romance",Allen Coulter,4 wins & 3 nominations.,7.2
Enter the Void,9/24/2010,"$16,000,000","$337,997","$1,467,278","Drama, Fantasy",Gaspar Noé,3 wins & 7 nominations.,7.3
Haeundae,5/11/2010,"$16,000,000",$0,"$64,733,391","Comedy, Romance",N/A,N/A,6.4
Hachi: A Dog's Tale,3/9/2010,"$16,000,000",$0,"$47,707,417","Drama, Family",Lasse Hallström,N/A,8.1
The Yellow Handkerchief,2/26/2010,"$15,500,000","$318,623","$318,623","Drama, Romance",Udayan Prasad,N/A,6.8
The Kings Speech,11/26/2010,"$15,000,000","$138,797,449","$430,821,168",None,None,None,None
Diary of a Wimpy Kid,3/19/2010,"$15,000,000","$64,003,625","$76,954,311","Comedy, Family",Thor Freudenthal,5 wins & 8 nominations.,6.2
Ramona and Beezus,7/23/2010,"$15,000,000","$26,167,002","$27,469,621","Adventure, Comedy, Family",Elizabeth Allen Rosenbaum,1 win & 3 nominations.,6.7
Country Strong,12/22/2010,"$15,000,000","$20,218,921","$20,601,987","Drama, Music",Shana Feste,Nominated for 1 Oscar. Another 1 win & 6 nominations.,6.3
You Will Meet a Tall Dark Stranger,9/22/2010,"$15,000,000","$3,247,816","$34,247,816","Comedy, Drama, Romance",Woody Allen,2 wins & 2 nominations.,6.3
Never Let Me Go,9/15/2010,"$15,000,000","$2,419,730","$11,158,796","Drama, Romance, Sci-Fi",Mark Romanek,7 wins & 26 nominations.,7.2
Centurion,8/27/2010,"$15,000,000","$123,570","$7,885,048","Action, Adventure, Drama",Neil Marshall,1 nomination.,6.4
Shinjuku Incident,2/5/2010,"$15,000,000",$0,$0,"Action, Crime, Drama",Tung-Shing Yee,1 win & 6 nominations.,7.1
Our Family Wedding,3/12/2010,"$14,000,000","$20,249,621","$21,404,886","Comedy, Romance",Rick Famuyiwa,3 nominations.,4.9
Flipped,8/6/2010,"$14,000,000","$1,755,212","$1,755,212","Comedy, Drama, Romance",Rob Reiner,1 win & 3 nominations.,7.7
Wild Grass,6/25/2010,"$14,000,000","$403,952","$1,903,952","Drama, Romance",Alain Resnais,2 wins & 10 nominations.,6.3
Black Swan,12/3/2010,"$13,000,000","$106,954,678","$331,266,710","Drama, Thriller",Darren Aronofsky,Won 1 Oscar. Another 87 wins & 242 nominations.,8.0
Chloe,3/26/2010,"$13,000,000","$3,075,255","$11,831,131","Drama, Mystery, Romance",Atom Egoyan,2 wins & 5 nominations.,6.3
A Prophet,2/26/2010,"$13,000,000","$2,087,720","$19,910,624","Crime, Drama",Jacques Audiard,Nominated for 1 Oscar. Another 47 wins & 44 nominations.,7.9
"I Love You, Phillip Morris",12/3/2010,"$13,000,000","$2,037,459","$23,014,027","Biography, Comedy, Crime","Glenn Ficarra, John Requa",5 wins & 9 nominations.,6.7
The Killer Inside Me,6/18/2010,"$13,000,000","$217,277","$3,617,277","Crime, Drama, Thriller",Michael Winterbottom,2 wins & 5 nominations.,6.1
Machete,9/3/2010,"$12,500,000","$26,593,646","$46,370,970","Action, Crime, Thriller","Ethan Maniquis, Robert Rodriguez",2 wins & 6 nominations.,6.7
Conviction,10/15/2010,"$12,500,000","$6,783,129","$10,118,985","Biography, Drama",Tony Goldwyn,8 wins & 8 nominations.,7.2
Solitary Man,5/21/2010,"$12,500,000","$4,360,548","$4,360,548","Comedy, Drama, Romance","Brian Koppelman, David Levien",2 wins & 3 nominations.,6.4
Casino Jack,12/17/2010,"$12,500,000","$2,039,869","$2,272,186","Biography, Comedy, Crime",George Hickenlooper,Nominated for 1 Golden Globe. Another 1 win & 1 nomination.,6.2
The Perfect Game,4/16/2010,"$12,500,000","$1,089,445","$3,931,367","Comedy, Drama, Family",William Dear,N/A,7.0
Just Wright,5/14/2010,"$12,000,000","$21,524,012","$21,851,314","Comedy, Romance, Sport",Sanaa Hamri,1 win & 10 nominations.,5.8
Ondine,6/4/2010,"$12,000,000","$550,472","$557,545","Drama, Mystery, Romance",Neil Jordan,6 wins & 6 nominations.,6.8
"A Woman, A Gun And A Noodle Shop",9/3/2010,"$12,000,000","$190,946","$310,946","Comedy, Drama",Yimou Zhang,2 nominations.,5.7
The Fighter,12/10/2010,"$11,000,000","$93,617,009","$129,262,388","Biography, Drama, Sport",David O. Russell,Won 2 Oscars. Another 69 wins & 112 nominations.,7.9
Housefull,4/30/2010,"$10,100,000","$1,183,658","$18,726,300",Comedy,Sajid Khan,5 wins & 11 nominations.,5.3
Devil,9/17/2010,"$10,000,000","$33,601,190","$63,275,649","Horror, Mystery",John Erick Dowdle,2 nominations.,6.3
Skyline,11/12/2010,"$10,000,000","$21,393,620","$78,670,636","Action, Sci-Fi, Thriller","Colin Strause, Greg Strause",1 nomination.,4.4
MacGruber,5/21/2010,"$10,000,000","$8,525,600","$8,629,895","Action, Comedy, Romance",Jorma Taccone,1 nomination.,5.5
I am Love,6/18/2010,"$10,000,000","$5,005,465","$15,132,211","Drama, Romance",Luca Guadagnino,Nominated for 1 Oscar. Another 14 wins & 34 nominations.,7.0
The Joneses,4/16/2010,"$10,000,000","$1,475,746","$3,541,565","Comedy, Drama",Derrick Borte,1 nomination.,6.5
Welcome to the Rileys,10/29/2010,"$10,000,000","$152,857","$355,919",Drama,Jake Scott,2 wins & 3 nominations.,7.0
"The Good, the Bad, the Weird",4/23/2010,"$10,000,000","$128,486","$42,226,657","Action, Adventure, Comedy",Jee-woon Kim,8 wins & 20 nominations.,7.3
Blood Done Sign My Name,2/19/2010,"$10,000,000","$109,383","$109,383",Drama,Jeb Stuart,1 win.,6.7
The Good Guy,2/19/2010,"$10,000,000","$100,688","$100,688","Comedy, Romance",Julio DePietro,N/A,5.9
The Oxford Murders,8/6/2010,"$10,000,000","$4,803","$17,704,131","Crime, Mystery, Thriller",Álex de la Iglesia,5 wins & 5 nominations.,6.1
The Reef,12/31/2010,"$10,000,000",$0,"$15,037,867","Horror, Thriller",Andrew Traucki,N/A,5.8
It's a Wonderful Afterlife,10/8/2010,"$10,000,000",$0,"$1,642,939","Comedy, Drama, Horror",Gurinder Chadha,1 nomination.,5.4
Gunless,4/30/2010,"$9,900,000","$458,054","$458,054","Action, Comedy, Drama",William Phillips,5 wins & 5 nominations.,6.5
The Runaways,3/19/2010,"$9,500,000","$3,573,673","$5,278,632","Biography, Drama, Music",Floria Sigismondi,5 nominations.,6.6
Kites,5/21/2010,"$9,200,000","$1,685,269","$17,155,193","Action, Drama, Romance",Anurag Basu,N/A,6.0
Loose Cannons,12/31/2010,"$9,100,000",$0,"$18,872,126","Comedy, Drama, Romance",Ferzan Ozpetek,24 wins & 14 nominations.,7.3
Princess Kaiulani,5/14/2010,"$9,000,000","$883,887","$883,887",Drama,Marc Forby,2 wins.,6.2
The Girl on the Train,1/22/2010,"$9,000,000","$208,163","$208,163",Drama,André Téchiné,1 win.,6.0
Red Riding: 1974,2/5/2010,"$9,000,000","$148,826","$148,826",None,None,None,None
Leaves of Grass,4/2/2010,"$9,000,000","$70,066","$85,527","Comedy, Crime, Drama",Tim Blake Nelson,1 nomination.,6.5
My Name is Khan,2/12/2010,"$8,470,000","$4,018,771","$42,327,961","Adventure, Drama, Thriller",Karan Johar,9 wins & 11 nominations.,8.0
The City of Your Final Destination,4/16/2010,"$8,300,000","$493,296","$1,353,296","Drama, Romance",James Ivory,1 win & 2 nominations.,6.4
Easy A,9/17/2010,"$8,000,000","$58,401,464","$76,200,721","Comedy, Romance",Will Gluck,Nominated for 1 Golden Globe. Another 9 wins & 19 nominations.,7.1
It's Kind of a Funny Story,10/8/2010,"$8,000,000","$6,363,628","$6,632,950","Comedy, Drama, Romance","Anna Boden, Ryan Fleck",2 nominations.,7.2
Another Year,12/29/2010,"$8,000,000","$3,205,706","$20,005,613","Comedy, Drama",Mike Leigh,Nominated for 1 Oscar. Another 20 wins & 52 nominations.,7.3
Made in Dagenham,11/19/2010,"$8,000,000","$1,095,369","$15,644,196","Biography, Comedy, Drama",Nigel Cole,Nominated for 3 BAFTA Film Awards. Another 3 wins & 14 nominations.,7.2
The Secret of Kells,3/5/2010,"$8,000,000","$690,290","$3,582,797","Animation, Adventure, Family","Tomm Moore, Nora Twomey",Nominated for 1 Oscar. Another 7 wins & 5 nominations.,7.7
Wild Target,10/29/2010,"$8,000,000","$109,338","$109,338","Action, Comedy, Crime",Jonathan Lynn,N/A,6.9
Harry Brown,4/30/2010,"$7,300,000","$1,818,681","$12,023,606","Action, Crime, Drama",Daniel Barber,1 win & 4 nominations.,7.2
Get Low,7/30/2010,"$7,000,000","$9,176,933","$9,696,933","Drama, Mystery",Aaron Schneider,5 wins & 27 nominations.,7.1
Cyrus,6/18/2010,"$7,000,000","$7,461,082","$10,055,042","Comedy, Drama, Romance","Jay Duplass, Mark Duplass",6 nominations.,6.3
Somewhere,12/22/2010,"$7,000,000","$1,785,645","$17,023,121","Comedy, Drama",Sofia Coppola,4 wins & 7 nominations.,6.4
Mother and Child,5/7/2010,"$7,000,000","$1,110,509","$5,010,509","Drama, Romance",Rodrigo García,4 wins & 12 nominations.,7.2
The Extra Man,7/30/2010,"$7,000,000","$453,377","$492,108",Comedy,"Shari Springer Berman, Robert Pulcini",N/A,5.9
Ca$h,3/26/2010,"$7,000,000","$46,488","$46,488","Comedy, Crime, Thriller",Stephen Milburn Anderson,N/A,6.0
Incendies,9/17/2010,"$6,800,000","$6,857,096","$16,038,343","Drama, Mystery, War",Denis Villeneuve,Nominated for 1 Oscar. Another 39 wins & 14 nominations.,8.2
Bran Nue Dae,9/10/2010,"$6,750,000","$113,568","$6,812,530","Comedy, Drama, Musical",Rachel Perkins,3 wins & 16 nominations.,6.3
Perrier's Bounty,5/21/2010,"$6,600,000",$828,$828,"Action, Comedy, Crime",Ian Fitzgibbon,3 nominations.,6.4
City Island,3/19/2010,"$6,000,000","$6,671,036","$8,173,239","Comedy, Drama",Raymond De Felitta,3 wins & 4 nominations.,7.4
The Greatest,4/2/2010,"$6,000,000","$115,862","$117,796","Drama, Romance",Shana Feste,3 nominations.,6.7
Don McKay,4/2/2010,"$6,000,000","$13,722","$13,722","Drama, Mystery, Thriller",Jake Goldberger,N/A,5.9
Standing Ovation,7/16/2010,"$5,600,000","$531,806","$531,806",Musical,Stewart Raffill,N/A,3.5
[Rec] 2,7/9/2010,"$5,600,000","$27,766","$18,527,766",Horror,"Jaume Balagueró, Paco Plaza",5 wins & 3 nominations.,6.6
Sea Rex 3D: Journey to a Prehistoric World,5/28/2010,"$5,000,000","$6,096,582","$16,515,203",Documentary,"Ronan Chapalain, Pascal Vuong",1 win.,7.0
Rabbit Hole,12/17/2010,"$5,000,000","$2,229,058","$6,205,034",Drama,John Cameron Mitchell,Nominated for 1 Oscar. Another 6 wins & 39 nominations.,7.0
"Lovely, Still",9/10/2010,"$5,000,000","$127,564","$282,687","Drama, Romance",Nicholas Fackler,3 nominations.,7.3
Psych 9,12/31/2010,"$5,000,000",$0,$0,"Horror, Mystery, Thriller",Andrew Shortell,N/A,4.5
Soul Kitchen,8/20/2010,"$4,900,000","$276,901","$23,347,469","Comedy, Drama",Fatih Akin,4 wins & 9 nominations.,7.3
Life During Wartime,7/23/2010,"$4,500,000","$281,447","$281,447","Comedy, Drama",Todd Solondz,3 wins & 8 nominations.,6.4
After.Life,4/9/2010,"$4,500,000","$108,596","$2,481,925","Drama, Horror, Mystery",Agnieszka Wojtowicz-Vosloo,1 nomination.,5.9
Spoken Word,7/23/2010,"$4,500,000","$32,961","$32,961",Drama,Victor Nunez,1 win.,6.5
Animal Kingdom,8/13/2010,"$4,200,000","$1,044,039","$8,078,683","Crime, Drama, Thriller",David Michôd,Nominated for 1 Oscar. Another 38 wins & 54 nominations.,7.3
George A. Romero's Survival of the Dead,5/28/2010,"$4,200,000","$101,740","$101,740",None,None,None,None
The Kids Are All Right,7/9/2010,"$4,000,000","$20,811,365","$36,275,469","Comedy, Drama",Lisa Cholodenko,Nominated for 4 Oscars. Another 29 wins & 114 nominations.,7.1
The Good Heart,4/30/2010,"$3,800,000","$20,930","$340,930",Drama,Dagur Kári,6 wins & 7 nominations.,6.9
Four Lions,11/5/2010,"$3,750,000","$310,007","$2,436,111","Comedy, Crime, Drama",Christopher Morris,Won 1 BAFTA Film Award. Another 8 wins & 23 nominations.,7.3
Defendor,2/19/2010,"$3,750,000","$44,462","$44,462","Comedy, Crime, Drama",Peter Stebbings,1 win & 7 nominations.,6.8
El secreto de sus ojos,4/16/2010,"$3,500,000","$6,391,436","$40,527,719",None,None,None,None
Paranormal Activity 2,10/20/2010,"$3,000,000","$84,752,907","$177,512,032",Horror,Tod Williams,1 win & 2 nominations.,5.7
Please Give,4/30/2010,"$3,000,000","$4,033,574","$4,570,178","Comedy, Drama",Nicole Holofcener,5 wins & 16 nominations.,6.6
Letters to God,4/9/2010,"$3,000,000","$2,848,587","$2,908,902","Drama, Family","David Nixon, Patrick Doughtie",1 nomination.,6.2
Fish Tank,1/15/2010,"$3,000,000","$374,675","$5,922,292",Drama,Andrea Arnold,20 wins & 27 nominations.,7.3
Chain Letter,10/1/2010,"$3,000,000","$205,842","$1,022,453","Horror, Thriller",Deon Taylor,N/A,4.1
The Eclipse,3/26/2010,"$3,000,000","$133,411","$133,411","Drama, Horror, Romance",Conor McPherson,5 wins & 9 nominations.,6.2
Barry Munday,10/1/2010,"$3,000,000",$0,$0,"Comedy, Romance",Chris D'Arienzo,1 nomination.,5.9
Freakonomics,10/1/2010,"$2,900,000","$101,270","$172,867",Documentary,"Heidi Ewing, Alex Gibney, Seth Gordon, Rachel Grady, Eugene Jarecki, Morgan Spurlock",1 nomination.,6.4
Valley of the Hearts Delight,4/9/2010,"$2,500,000","$118,666","$118,666",None,None,None,None
8: The Mormon Proposition,6/18/2010,"$2,500,000","$100,280","$100,280",Documentary,"Reed Cowan, Steven Greenstreet",2 wins.,7.1
Christmas Mail,12/31/2010,"$2,500,000",$0,$0,"Comedy, Drama, Family",John Murlowski,N/A,5.8
Lies in Plain Sight,12/31/2010,"$2,100,000",$0,$0,Drama,Patricia Cardoso,3 wins & 4 nominations.,6.4
Winter's Bone,6/11/2010,"$2,000,000","$6,531,503","$16,131,551",Drama,Debra Granik,Nominated for 4 Oscars. Another 63 wins & 117 nominations.,7.2
Inside Job,10/8/2010,"$2,000,000","$4,311,834","$7,799,257","Documentary, Crime",Charles Ferguson,Won 1 Oscar. Another 7 wins & 25 nominations.,8.3
The Virginity Hit,9/24/2010,"$2,000,000","$636,706","$636,706",Comedy,"Huck Botko, Andrew Gurland",N/A,4.6
Saint John of Las Vegas,1/29/2010,"$2,000,000","$102,645","$102,645","Comedy, Drama",Hue Rhodes,N/A,5.8
Circle,8/27/2010,"$2,000,000","$10,024","$10,024","Drama, Horror, Sci-Fi","Aaron Hann, Mario Miscione",1 nomination.,6.0
Jerusalema,6/11/2010,"$2,000,000","$7,294","$10,679","Action, Crime, Drama",Ralph Ziman,6 wins & 1 nomination.,7.8
Buried,9/24/2010,"$1,987,650","$1,044,143","$21,270,290","Drama, Mystery, Thriller",Rodrigo Cortés,15 wins & 32 nominations.,7.0
Nowhere Boy,10/8/2010,"$1,900,000","$1,445,366","$7,785,229","Biography, Drama, Music",Sam Taylor-Johnson,Nominated for 3 BAFTA Film Awards. Another 6 wins & 18 nominations.,7.2
The Square,4/9/2010,"$1,900,000","$406,216","$740,932","Documentary, Drama, History",Jehane Noujaim,Nominated for 1 Oscar. Another 16 wins & 12 nominations.,8.1
The Last Exorcism,8/27/2010,"$1,800,000","$41,034,350","$70,165,900","Drama, Horror, Thriller",Daniel Stamm,7 wins & 10 nominations.,5.6
I Spit on Your Grave,10/8/2010,"$1,750,000","$93,051","$1,278,471","Crime, Horror",Steven R. Monroe,2 nominations.,6.3
N-Secure,10/15/2010,"$1,600,000","$2,595,644","$2,595,644","Crime, Drama, Thriller",David M. Matthews,N/A,3.5
Lake Mungo,3/23/2010,"$1,100,000",$0,$0,"Drama, Horror, Mystery",Joel Anderson,1 nomination.,6.1
The Dead Undead,12/31/2010,"$1,100,000",$0,$0,"Action, Horror, Sci-Fi","Matthew R. Anderson, Edward Conna",3 nominations.,3.0
Blue Valentine,12/29/2010,"$1,000,000","$9,737,892","$16,566,240","Drama, Romance",Derek Cianfrance,Nominated for 1 Oscar. Another 7 wins & 50 nominations.,7.4
Ajami,2/3/2010,"$1,000,000","$621,859","$2,721,096","Crime, Drama","Scandar Copti, Yaron Shani",Nominated for 1 Oscar. Another 15 wins & 8 nominations.,7.4
16 to Life,9/3/2010,"$1,000,000","$11,574","$11,574","Comedy, Romance",Becky Smith,4 wins.,6.3
Zombies of Mass Destruction,1/29/2010,"$1,000,000",$0,$0,"Comedy, Horror, Sci-Fi",Kevin Hamedani,N/A,5.1
Trance,12/31/2010,"$950,000",$0,"$11,784,772","Crime, Drama, Mystery",Danny Boyle,3 wins & 3 nominations.,7.0
B-Girl,1/26/2010,"$700,000",$0,"$1,160","Drama, Music, Romance",Emily Dell,1 win.,4.1
To Save a Life,1/22/2010,"$500,000","$3,777,210","$3,824,868",Drama,Brian Baugh,2 nominations.,7.1
Monsters,10/29/2010,"$500,000","$237,301","$5,639,730","Drama, Sci-Fi",Gareth Edwards,Nominated for 1 BAFTA Film Award. Another 12 wins & 13 nominations.,6.4
The Living Wake,5/14/2010,"$500,000","$12,232","$12,232",Comedy,Sol Tryon,3 wins.,6.4
Drones,12/31/2010,"$500,000",$0,$0,Thriller,Rick Rosenthal,N/A,4.5
I Want Your Money,10/15/2010,"$400,000","$433,588","$433,588",Documentary,Ray Griggs,N/A,5.1
My Dog Tulip,9/1/2010,"$350,000","$246,574","$310,891","Animation, Drama","Paul Fierlinger, Sandra Fierlinger",2 nominations.,6.9
Dogtooth,6/25/2010,"$323,000","$110,248","$1,373,407","Drama, Thriller",Yorgos Lanthimos,Nominated for 1 Oscar. Another 18 wins & 15 nominations.,7.3
Anderson's Cross,12/31/2010,"$300,000",$0,$0,"Comedy, Drama, Romance",Jerome Elston Scott,N/A,7.2
Death Calls,12/31/2010,"$290,000",$0,$0,"Action, Adventure, Mystery","Ken Del Conte, Hector Echavarria",N/A,4.2
Rust,10/5/2010,"$250,000",$0,$0,Drama,Daniele Gaglianone,4 wins & 4 nominations.,6.0
Butterfly,12/31/2010,"$250,000",$0,$0,Drama,José Luis Cuerda,6 wins & 19 nominations.,7.6
The Christmas Bunny,12/31/2010,"$250,000",$0,$0,"Drama, Family",Tom Seidman,N/A,6.2
Tiny Furniture,11/12/2010,"$50,000","$391,674","$424,149","Comedy, Drama, Romance",Lena Dunham,5 wins & 8 nominations.,6.3
The Exploding Girl,3/12/2010,"$40,000","$25,572","$25,572",Drama,Bradley Rust Gray,2 wins & 3 nominations.,6.3
Down Terrace,10/15/2010,"$30,000","$9,812","$9,812","Comedy, Crime, Drama",Ben Wheatley,3 wins & 4 nominations.,6.5
Breaking Upwards,4/2/2010,"$15,000","$115,592","$115,592",Romance,Daryl Wein,1 nomination.,6.2
